Va_V,I_tat_A,I_no_tat_A,enhancement,J_std_over_mean,I_srh_closed_A,I_tat_closed_A
-0.05,-4.351279724587994e-11,-3.638324054797442e-11,1.1959571657314194,4.209531289098512,-6.22713465017127e-10,-6.997897138339729e-10
-0.1769230769230769,-1.1316241042389227e-10,-9.33631236067639e-11,1.2120675278659374,1.5807209242944393,-6.704528041083072e-10,-7.613426017531063e-10
-0.3038461538461538,-1.7302824586323373e-10,-1.4109950891604983e-10,1.2262852450193897,1.1293663969642362,-7.150117940004543e-10,-8.197702077334856e-10
-0.43076923076923074,-2.2888245710708944e-10,-1.8472200346262863e-10,1.2390643930699625,1.579950546111442,-7.569522895023199e-10,-8.756025272983553e-10
-0.5576923076923077,-2.816287923620105e-10,-2.2517596050366315e-10,1.250705411590457,3.117918893489519,-7.966879386597111e-10,-9.292302439706653e-10
-0.6846153846153846,-3.318488562009268e-10,-2.630571103943189e-10,1.2615087868314605,1.4670992011521367,-8.345337468484516e-10,-9.809514504182683e-10
-0.8115384615384615,-3.7993810031739054e-10,-2.9883036170335357e-10,1.2714173290549102,1.0989263689602602,-8.707361699458518e-10,-1.0309999487377588e-09
-0.9384615384615385,-4.2621772929393173e-10,-3.327820607858531e-10,1.2807713501365836,3.4363096277703566,-9.054923415882803e-10,-1.0795632981568478e-09
-1.0653846153846154,-4.708984809444776e-10,-3.65167924073304e-10,1.2895395512612142,1.463497244837881,-9.38962876634685e-10,-1.1267948153466104e-09
-1.1923076923076923,-5.142008208804117e-10,-3.9620327845337664e-10,1.2978207118518845,2.1157635928364296,-9.71280694094729e-10,-1.1728218347223987e-09
-1.3192307692307692,-5.562454249217746e-10,-4.260301420540258e-10,1.30564805166118,1.076717674805287,-1.0025572750442712e-09,-1.2177515626895463e-09
-1.4461538461538461,-5.971543937645475e-10,-4.5478055149742456e-10,1.313060533917597,1.2692405317334274,-1.0328872120261968e-09,-1.26167533146204e-09
-1.573076923076923,-6.370960882938135e-10,-4.825867548135866e-10,1.3201690306231275,2.2564185607758778,-1.0623515876536852e-09,-1.3046717573984996e-09
-1.7,-6.762000835364992e-10,-5.096143058293802e-10,1.3268859916245999,3.6926927571679102,-1.0910205308853547e-09,-1.3468091306124343e-09
-1.8269230769230769,-7.143211706179463e-10,-5.357238669518393e-10,1.3333756710939344,1.3120378426680654,-1.1189551831223703e-09,-1.3881472532675561e-09
-1.9538461538461538,-7.514312775104288e-10,-5.609218754803899e-10,1.339636249463227,1.1021153040450158,-1.14620923258342e-09,-1.4287388747921895e-09
-2.0807692307692305,-7.883937370927276e-10,-5.859356566680902e-10,1.3455295442777977,8.383931275852172,-1.172830127461999e-09,-1.468630827292755e-09
-2.2076923076923074,-8.241341564362585e-10,-6.098834200208625e-10,1.3512978536259717,2.3274303565148196,-1.1988600464214262e-09,-1.5078649345288158e-09
-2.3346153846153843,-8.59365483019467e-10,-6.333447147220236e-10,1.3568684841660745,1.190227228087046,-1.2243366832406193e-09,-1.5464787474730745e-09
-2.4615384615384612,-6.656322255194131e-10,-6.566324561569512e-10,1.0137059465734217,2.9434945147640077,-1.2492938873426443e-09,-1.5845061453847344e-09
-2.588461538461538,-9.280159340438682e-10,-6.786686096348403e-10,1.3674065970771656,1.2800699132091502,-1.2737621912958289e-09,-1.621977831386061e-09
-2.715384615384615,-9.622356086767942e-10,-7.01225714912629e-10,1.372219512509872,1.5808088193614127,-1.2977692487487162e-09,-1.6589217444126626e-09
-2.842307692307692,-9.948116070616249e-10,-7.223376206402747e-10,1.3772114017539767,1.4661728020914453,-1.3213402007132243e-09,-1.6953634042343583e-09
-2.969230769230769,-1.0276169445943012e-09,-7.436784178547252e-10,1.3818028329484777,5.163005233201028,-1.3444979840237464e-09,-1.7313262024337086e-09
-3.096153846153846,-1.060287108867176e-09,-7.648383944017195e-10,1.386289073127096,2.4007053343247815,-1.3672635927526831e-09,-1.7668316493895718e-09
-3.2230769230769227,-1.0906076146230582e-09,-7.840647934380629e-10,1.3909661851297122,1.4208458921186127,-1.3896563010651342e-09,-1.8018995851724468e-09
-3.3499999999999996,-1.1240991068907834e-09,-8.059287106899326e-10,1.3947872708598186,3.0975989856544737,-1.4116938542449938e-09,-1.8365483606279713e-09
-3.4769230769230766,-1.1530278188171997e-09,-8.239301574536224e-10,1.3994242210779881,2.8826222772428833,-1.4333926332781752e-09,-1.8707949936709866e-09
-3.6038461538461535,-1.184061823097908e-09,-8.437496955922329e-10,1.4033330373729,1.2671792067853886,-1.454767797333718e-09,-1.9046553048395485e-09
-3.7307692307692304,-1.2160797125826454e-09,-8.643541326258741e-10,1.4069230037556975,1.1367835365415626,-1.4758334076657343e-09,-1.938144035396715e-09
-3.8576923076923073,-1.2429018511620185e-09,-8.805979468906075e-10,1.4114294219634584,1.980325439208219,-1.4966025358141387e-09,-1.9712749506673295e-09
-3.9846153846153842,-1.2737881444449427e-09,-9.003288616645588e-10,1.4148031887925037,1.9693341470889227,-1.5170873584696315e-09,-2.0040609308197166e-09
-4.111538461538461,-1.3051417151664291e-09,-9.203595767024948e-10,1.4180780514530515,1.5699473931211259,-1.5372992409584482e-09,-2.0365140509203345e-09
-4.2384615384615385,-1.330465571230901e-09,-9.353459510918991e-10,1.4224315288666713,1.5296635547827857,-1.5572488109722468e-09,-2.068645651781867e-09
-4.365384615384615,-1.359285272270094e-09,-9.533671449914823e-10,1.4257731445971302,1.6560806914166817,-1.576946023901114e-09,-2.100466402876011e-09
-4.4923076923076914,-1.3915390223406113e-09,-9.742011331999144e-10,1.4283898621323565,2.7112908112531517,-1.5964002209097152e-09,-2.1319863583790988e-09
-4.619230769230769,-1.4170858565330702e-09,-9.893567033755168e-10,1.4323305757147187,1.761504285227922,-1.615620180718118e-09,-2.163215007252225e-09
-4.746153846153846,-1.441537256210881e-09,-1.0037125698040745e-09,1.4362052439895918,1.2514536578798212,-1.6346141659017578e-09,-2.1941613181204565e-09
-4.873076923076923,-1.472815624787041e-09,-1.0238339251116632e-09,1.438529812954196,1.2844548255201125,-1.6533899644033637e-09,-2.2248337796022415e-09
-5.0,-1.502753854733846e-09,-1.0427100972066306e-09,1.4412000600738886,1.5203265690346017,-1.6719549268484514e-09,-2.255240436645823e-09
0.0,-1.9845266555328202e-27,-1.0820648332099494e-19,1.834018253458727e-08,173.15708783925913,,
0.08571428571428572,2.2177352730404962e-10,1.886719413975346e-10,1.175445196892152,0.9711903622867933,,
0.17142857142857143,1.4132408086557863e-09,1.2197632619492244e-09,1.158618932658603,0.5508051846455544,,
0.2571428571428571,8.695633543051933e-09,7.68252841713667e-09,1.131871315133105,0.2859605919249274,,
0.34285714285714286,6.717955641927522e-08,6.20031782029781e-08,1.0834856916423115,0.03686895501666702,,
0.4285714285714286,8.756399494479317e-07,8.496677141486026e-07,1.0305675205340175,0.0025448109418922376,,
0.5142857142857142,1.852150512086015e-05,1.8399582981270278e-05,1.0066263534186606,0.000222602790706039,,
0.6,0.00047481016478014573,0.0004743847664607081,1.0008967368885207,9.679296659821207e-06,,
