VG_V,Qs_C_cm2,C_lf_F_cm2,C_lf_analytic_F_cm2,C_hf_F_cm2,C_hf_analytic_F_cm2
-2.0000,2.489041e-06,3.065746e-06,3.453133e-06,3.070968e-06,3.453133e-06
-1.9750,2.412398e-06,3.059881e-06,3.453133e-06,3.059511e-06,3.453133e-06
-1.9500,2.336047e-06,3.047838e-06,3.453133e-06,3.047451e-06,3.453133e-06
-1.9250,2.260006e-06,3.035151e-06,3.453133e-06,3.034745e-06,3.453133e-06
-1.9000,2.184290e-06,3.021770e-06,3.453133e-06,3.021344e-06,3.453133e-06
-1.8750,2.108917e-06,3.007643e-06,3.453133e-06,3.007195e-06,3.453133e-06
-1.8500,2.033908e-06,2.992712e-06,3.453133e-06,2.992241e-06,3.453133e-06
-1.8250,1.959282e-06,2.976914e-06,3.453133e-06,2.976419e-06,3.453133e-06
-1.8000,1.885062e-06,2.960181e-06,3.453133e-06,2.959660e-06,3.453133e-06
-1.7750,1.811273e-06,2.942435e-06,3.453133e-06,2.941886e-06,3.453133e-06
-1.7500,1.737940e-06,2.923594e-06,3.453133e-06,2.923014e-06,3.453133e-06
-1.7250,1.665093e-06,2.903566e-06,3.453133e-06,2.902953e-06,3.453133e-06
-1.7000,1.592762e-06,2.882249e-06,3.453133e-06,2.881601e-06,3.453133e-06
-1.6750,1.520980e-06,2.859532e-06,3.453133e-06,2.858846e-06,3.453133e-06
-1.6500,1.449785e-06,2.835292e-06,3.453133e-06,2.834565e-06,3.453133e-06
-1.6250,1.379216e-06,2.809393e-06,3.453133e-06,2.808622e-06,3.453133e-06
-1.6000,1.309316e-06,2.781686e-06,3.453133e-06,2.780867e-06,3.453133e-06
-1.5750,1.240132e-06,2.752005e-06,3.453133e-06,2.751134e-06,3.453133e-06
-1.5500,1.171715e-06,2.720169e-06,3.453133e-06,2.719241e-06,3.453133e-06
-1.5250,1.104123e-06,2.685976e-06,3.453133e-06,2.684986e-06,3.453133e-06
-1.5000,1.037416e-06,2.649204e-06,3.453133e-06,2.648146e-06,3.453133e-06
-1.4750,9.716629e-07,2.609610e-06,3.453133e-06,2.608479e-06,3.453133e-06
-1.4500,9.069360e-07,2.566925e-06,3.453133e-06,2.565714e-06,3.453133e-06
-1.4250,8.433166e-07,2.520855e-06,3.453133e-06,2.519556e-06,3.453133e-06
-1.4000,7.808932e-07,2.471078e-06,3.453133e-06,2.469682e-06,3.453133e-06
-1.3750,7.197627e-07,2.417242e-06,3.453133e-06,2.415739e-06,3.453133e-06
-1.3500,6.600311e-07,2.358961e-06,3.453133e-06,2.357342e-06,3.453133e-06
-1.3250,6.018147e-07,2.295818e-06,3.453133e-06,2.294072e-06,3.453133e-06
-1.3000,5.452402e-07,2.227359e-06,3.453133e-06,2.225472e-06,3.453133e-06
-1.2750,4.904467e-07,2.153089e-06,3.453133e-06,2.151048e-06,3.453133e-06
-1.2500,4.375858e-07,2.072472e-06,3.453133e-06,2.070263e-06,3.453133e-06
-1.2250,3.868231e-07,1.984926e-06,3.453133e-06,1.982532e-06,3.453133e-06
-1.2000,3.383395e-07,1.889817e-06,3.453133e-06,1.887220e-06,3.453133e-06
-1.1750,2.923323e-07,1.786465e-06,3.453133e-06,1.783644e-06,3.453133e-06
-1.1500,2.490162e-07,1.674167e-06,3.453133e-06,1.671089e-06,3.453133e-06
-1.1250,2.086239e-07,1.552247e-06,3.453133e-06,1.548862e-06,3.453133e-06
-1.1000,1.714039e-07,1.420212e-06,3.453133e-06,1.416434e-06,3.453133e-06
-1.0750,1.376134e-07,1.278032e-06,3.453133e-06,1.273719e-06,3.453133e-06
-1.0500,1.075023e-07,1.126651e-06,3.453133e-06,1.121588e-06,3.453133e-06
-1.0250,8.128083e-08,9.686802e-07,3.453133e-06,9.626075e-07,3.453133e-06
-1.0000,5.906826e-08,8.090490e-07,3.453133e-06,8.017831e-07,3.453133e-06
-0.9750,4.082837e-08,6.550233e-07,3.453133e-06,6.466719e-07,3.453133e-06
-0.9500,2.631710e-08,5.149678e-07,3.453133e-06,5.060924e-07,3.453133e-06
-0.9250,1.507998e-08,3.959558e-07,3.453133e-06,3.874482e-07,3.453133e-06
-0.9000,6.519313e-09,3.014959e-07,3.453133e-06,2.941780e-07,3.453133e-06
-0.8750,5.186469e-12,2.308786e-07,1.224519e-06,2.251593e-07,1.224519e-06
-0.8500,-5.024619e-09,1.803660e-07,1.646652e-07,1.762090e-07,1.646652e-07
-0.8250,-9.013113e-09,1.451095e-07,1.198339e-07,1.422230e-07,1.198339e-07
-0.8000,-1.228009e-08,1.206192e-07,9.912076e-08,1.186551e-07,9.912076e-08
-0.7750,-1.504407e-08,1.034044e-07,8.651286e-08,1.020667e-07,8.651286e-08
-0.7500,-1.745031e-08,9.101466e-08,7.779443e-08,9.008844e-08,7.779443e-08
-0.7250,-1.959481e-08,8.182653e-08,7.129830e-08,8.116798e-08,7.129830e-08
-0.7000,-2.154164e-08,7.479353e-08,6.621365e-08,7.431043e-08,6.621365e-08
-0.6750,-2.333448e-08,6.924540e-08,6.209198e-08,6.887950e-08,6.209198e-08
-0.6500,-2.500391e-08,6.474924e-08,5.866227e-08,6.446363e-08,5.866227e-08
-0.6250,-2.657194e-08,6.102030e-08,5.574968e-08,6.079129e-08,5.574968e-08
-0.6000,-2.805492e-08,5.786679e-08,5.323567e-08,5.767885e-08,5.323567e-08
-0.5750,-2.946528e-08,5.515608e-08,5.103662e-08,5.499875e-08,5.103662e-08
-0.5500,-3.081273e-08,5.279394e-08,4.909161e-08,5.266002e-08,4.909161e-08
-0.5250,-3.210498e-08,5.071174e-08,4.735507e-08,5.059611e-08,4.735507e-08
-0.5000,-3.334831e-08,4.885827e-08,4.579213e-08,4.875719e-08,4.579213e-08
-0.4750,-3.454789e-08,4.719453e-08,4.437558e-08,4.710519e-08,4.437558e-08
-0.4500,-3.570804e-08,4.569028e-08,4.308385e-08,4.561046e-08,4.308385e-08
-0.4250,-3.683241e-08,4.432179e-08,4.189955e-08,4.424955e-08,4.189955e-08
-0.4000,-3.792413e-08,4.307035e-08,4.080855e-08,4.300360e-08,4.080855e-08
-0.3750,-3.898593e-08,4.192164e-08,3.979917e-08,4.185731e-08,3.979917e-08
-0.3500,-4.002021e-08,4.086600e-08,3.886169e-08,4.079805e-08,3.886169e-08
-0.3250,-4.102923e-08,3.990080e-08,3.798793e-08,3.981535e-08,3.798793e-08
-0.3000,-4.201525e-08,3.903737e-08,3.717097e-08,3.890044e-08,3.717097e-08
-0.2750,-4.298109e-08,3.831953e-08,3.640490e-08,3.804590e-08,3.640490e-08
-0.2500,-4.393123e-08,3.787104e-08,3.568463e-08,3.724548e-08,3.568463e-08
-0.2250,-4.487465e-08,3.801579e-08,3.500576e-08,3.649394e-08,3.500576e-08
-0.2000,-4.583202e-08,3.957707e-08,3.436446e-08,3.578709e-08,3.436446e-08
-0.1750,-4.685350e-08,4.459636e-08,3.375737e-08,3.512201e-08,3.375737e-08
-0.1500,-4.806184e-08,5.790427e-08,3.318156e-08,3.449790e-08,3.318156e-08
-0.1250,-4.974871e-08,8.976632e-08,3.453133e-06,3.391779e-08,3.375174e-08
-0.1000,-5.255015e-08,1.573020e-07,3.453133e-06,3.339133e-08,3.375174e-08
-0.0750,-5.761381e-08,2.768646e-07,3.453133e-06,3.293601e-08,3.375174e-08
-0.0500,-6.639338e-08,4.454492e-07,3.453133e-06,3.256975e-08,3.375174e-08
-0.0250,-7.988627e-08,6.343358e-07,3.453133e-06,3.229574e-08,3.375174e-08
0.0000,-9.811017e-08,8.096095e-07,3.453133e-06,3.209871e-08,3.375174e-08
0.0250,-1.203667e-07,9.522188e-07,3.453133e-06,3.195660e-08,3.375174e-08
0.0500,-1.457211e-07,1.058101e-06,3.453133e-06,3.185062e-08,3.375174e-08
0.0750,-1.732718e-07,1.130481e-06,3.453133e-06,3.176766e-08,3.375174e-08
0.1000,-2.022452e-07,1.174853e-06,3.453133e-06,3.169929e-08,3.375174e-08
0.1250,-2.320144e-07,1.196947e-06,3.453133e-06,3.164021e-08,3.375174e-08
0.1500,-2.620925e-07,1.202026e-06,3.453133e-06,3.158716e-08,3.375174e-08
0.1750,-2.921158e-07,1.194647e-06,3.453133e-06,3.153817e-08,3.375174e-08
0.2000,-3.218249e-07,1.178593e-06,3.453133e-06,3.149208e-08,3.375174e-08
0.2250,-3.510454e-07,1.156885e-06,3.453133e-06,3.144823e-08,3.375174e-08
0.2500,-3.796691e-07,1.131829e-06,3.453133e-06,3.140627e-08,3.375174e-08
0.2750,-4.076369e-07,1.105109e-06,3.453133e-06,3.136601e-08,3.375174e-08
0.3000,-4.349246e-07,1.077896e-06,3.453133e-06,3.132733e-08,3.375174e-08
0.3250,-4.615317e-07,1.050959e-06,3.453133e-06,3.129015e-08,3.375174e-08
0.3500,-4.874725e-07,1.024775e-06,3.453133e-06,3.125439e-08,3.375174e-08
0.3750,-5.127704e-07,9.996105e-07,3.453133e-06,3.121996e-08,3.375174e-08
0.4000,-5.374531e-07,9.755984e-07,3.453133e-06,3.118679e-08,3.375174e-08
0.4250,-5.615503e-07,9.527811e-07,3.453133e-06,3.115477e-08,3.375174e-08
0.4500,-5.850921e-07,9.311482e-07,3.453133e-06,3.112383e-08,3.375174e-08
0.4750,-6.081077e-07,9.106583e-07,3.453133e-06,3.109389e-08,3.375174e-08
0.5000,-6.306250e-07,8.912542e-07,3.453133e-06,3.106487e-08,3.375174e-08
0.5250,-6.526704e-07,8.728716e-07,3.453133e-06,3.103669e-08,3.375174e-08
0.5500,-6.742686e-07,8.554443e-07,3.453133e-06,3.100930e-08,3.375174e-08
0.5750,-6.954427e-07,8.389076e-07,3.453133e-06,3.098265e-08,3.375174e-08
0.6000,-7.162140e-07,8.231995e-07,3.453133e-06,3.095667e-08,3.375174e-08
0.6250,-7.366026e-07,8.082622e-07,3.453133e-06,3.093133e-08,3.375174e-08
0.6500,-7.566271e-07,7.940416e-07,3.453133e-06,3.090658e-08,3.375174e-08
0.6750,-7.763047e-07,7.804878e-07,3.453133e-06,3.088239e-08,3.375174e-08
0.7000,-7.956515e-07,7.675550e-07,3.453133e-06,3.085872e-08,3.375174e-08
0.7250,-8.146825e-07,7.552008e-07,3.453133e-06,3.083555e-08,3.375174e-08
0.7500,-8.334115e-07,7.433865e-07,3.453133e-06,3.081284e-08,3.375174e-08
0.7750,-8.518518e-07,7.320765e-07,3.453133e-06,3.079057e-08,3.375174e-08
0.8000,-8.700154e-07,7.212381e-07,3.453133e-06,3.076872e-08,3.375174e-08
0.8250,-8.879137e-07,7.108413e-07,3.453133e-06,3.074727e-08,3.375174e-08
0.8500,-9.055574e-07,7.008584e-07,3.453133e-06,3.072620e-08,3.375174e-08
0.8750,-9.229566e-07,6.912642e-07,3.453133e-06,3.070549e-08,3.375174e-08
0.9000,-9.401206e-07,6.820351e-07,3.453133e-06,3.068513e-08,3.375174e-08
0.9250,-9.570584e-07,6.731496e-07,3.453133e-06,3.066509e-08,3.375174e-08
0.9500,-9.737781e-07,6.645878e-07,3.453133e-06,3.064537e-08,3.375174e-08
0.9750,-9.902878e-07,6.563312e-07,3.453133e-06,3.062595e-08,3.375174e-08
1.0000,-1.006595e-06,6.522770e-07,3.453133e-06,3.060681e-08,3.375174e-08
