Va,x_cm,psi_V,n_cm-3,p_cm-3,phin_V,phip_V
0.3,-1.714837e-03,0.118578,5.960293e+11,1.000006e+17,0.300000,0.300000
0.3,-1.682704e-03,0.118184,2.517039e+12,1.000025e+17,0.256158,0.299607
0.3,-1.648408e-03,0.117764,4.819056e+12,1.000048e+17,0.236149,0.299187
0.3,-1.614111e-03,0.117343,7.179780e+12,1.000072e+17,0.223704,0.298768
0.3,-1.579814e-03,0.116923,9.587240e+12,1.000096e+17,0.214562,0.298348
0.3,-1.545517e-03,0.116503,1.205617e+13,1.000121e+17,0.207231,0.297929
0.3,-1.511221e-03,0.116083,1.460715e+13,1.000146e+17,0.201022,0.297509
0.3,-1.476924e-03,0.115662,1.726295e+13,1.000173e+17,0.195563,0.297090
0.3,-1.442627e-03,0.115242,2.004773e+13,1.000200e+17,0.190632,0.296671
0.3,-1.408330e-03,0.114822,2.298686e+13,1.000230e+17,0.186086,0.296252
0.3,-1.374034e-03,0.114403,2.610702e+13,1.000261e+17,0.181828,0.295833
0.3,-1.339737e-03,0.113983,2.943641e+13,1.000294e+17,0.177788,0.295414
0.3,-1.305440e-03,0.113563,3.300495e+13,1.000330e+17,0.173917,0.294995
0.3,-1.271143e-03,0.113144,3.684454e+13,1.000368e+17,0.170178,0.294577
0.3,-1.236847e-03,0.112724,4.098934e+13,1.000410e+17,0.166544,0.294159
0.3,-1.202550e-03,0.112305,4.547606e+13,1.000455e+17,0.162992,0.293741
0.3,-1.168253e-03,0.111886,5.034433e+13,1.000503e+17,0.159505,0.293324
0.3,-1.133957e-03,0.111467,5.563698e+13,1.000556e+17,0.156072,0.292906
0.3,-1.099660e-03,0.111049,6.140047e+13,1.000614e+17,0.152680,0.292489
0.3,-1.065363e-03,0.110630,6.768529e+13,1.000677e+17,0.149322,0.292073
0.3,-1.031066e-03,0.110212,7.454640e+13,1.000745e+17,0.145992,0.291657
0.3,-9.967696e-04,0.109795,8.204373e+13,1.000820e+17,0.142684,0.291242
0.3,-9.624729e-04,0.109377,9.024266e+13,1.000902e+17,0.139394,0.290827
0.3,-9.281761e-04,0.108960,9.921469e+13,1.000992e+17,0.136118,0.290412
0.3,-8.938794e-04,0.108543,1.090379e+14,1.001090e+17,0.132854,0.289998
0.3,-8.595827e-04,0.108127,1.197980e+14,1.001198e+17,0.129599,0.289585
0.3,-8.252859e-04,0.107711,1.315885e+14,1.001316e+17,0.126352,0.289173
0.3,-7.909892e-04,0.107296,1.445120e+14,1.001445e+17,0.123111,0.288762
0.3,-7.566925e-04,0.106881,1.586811e+14,1.001587e+17,0.119875,0.288351
0.3,-7.223957e-04,0.106467,1.742192e+14,1.001742e+17,0.116644,0.287942
0.3,-6.880990e-04,0.106054,1.912614e+14,1.001913e+17,0.113416,0.287533
0.3,-6.538023e-04,0.105641,2.099563e+14,1.002100e+17,0.110190,0.287126
0.3,-6.195055e-04,0.105229,2.304668e+14,1.002305e+17,0.106967,0.286721
0.3,-5.852088e-04,0.104818,2.529717e+14,1.002530e+17,0.103746,0.286316
0.3,-5.520063e-04,0.104421,2.768472e+14,1.002768e+17,0.100629,0.285927
0.3,-5.206831e-04,0.104048,3.014350e+14,1.003014e+17,0.097689,0.285561
0.3,-4.911330e-04,0.103696,3.266324e+14,1.003266e+17,0.094916,0.285217
0.3,-4.632555e-04,0.103365,3.523347e+14,1.003523e+17,0.092301,0.284894
0.3,-4.369560e-04,0.103054,3.784374e+14,1.003784e+17,0.089834,0.284590
0.3,-4.121451e-04,0.102761,4.048370e+14,1.004048e+17,0.087508,0.284305
0.3,-3.887386e-04,0.102486,4.314327e+14,1.004314e+17,0.085313,0.284038
0.3,-3.666570e-04,0.102227,4.581272e+14,1.004581e+17,0.083243,0.283787
0.3,-3.458254e-04,0.101983,4.848276e+14,1.004848e+17,0.081291,0.283551
0.3,-3.261728e-04,0.101754,5.114461e+14,1.005114e+17,0.079449,0.283330
0.3,-3.076327e-04,0.101538,5.379006e+14,1.005379e+17,0.077713,0.283122
0.3,-2.901420e-04,0.101335,5.641152e+14,1.005641e+17,0.076074,0.282927
0.3,-2.736414e-04,0.101144,5.900202e+14,1.005900e+17,0.074529,0.282743
0.3,-2.580747e-04,0.100964,6.155526e+14,1.006155e+17,0.073072,0.282571
0.3,-2.433892e-04,0.100795,6.406556e+14,1.006406e+17,0.071697,0.282410
0.3,-2.295350e-04,0.100636,6.652792e+14,1.006653e+17,0.070400,0.282258
0.3,-2.164649e-04,0.100486,6.893794e+14,1.006894e+17,0.069177,0.282115
0.3,-2.041347e-04,0.100345,7.129187e+14,1.007129e+17,0.068024,0.281981
0.3,-1.925024e-04,0.100212,7.358650e+14,1.007358e+17,0.066936,0.281856
0.3,-1.815285e-04,0.100088,7.581921e+14,1.007582e+17,0.065909,0.281738
0.3,-1.711758e-04,0.099970,7.798788e+14,1.007799e+17,0.064941,0.281627
0.3,-1.614091e-04,0.099859,8.009089e+14,1.008009e+17,0.064028,0.281522
0.3,-1.521952e-04,0.099755,8.212706e+14,1.008212e+17,0.063167,0.281424
0.3,-1.435029e-04,0.099657,8.409564e+14,1.008409e+17,0.062354,0.281332
0.3,-1.353026e-04,0.099565,8.599623e+14,1.008599e+17,0.061588,0.281246
0.3,-1.275664e-04,0.099478,8.782880e+14,1.008783e+17,0.060865,0.281164
0.3,-1.202682e-04,0.099396,8.959360e+14,1.008959e+17,0.060183,0.281088
0.3,-1.133830e-04,0.099319,9.129117e+14,1.009129e+17,0.059540,0.281016
0.3,-1.068876e-04,0.099247,9.292227e+14,1.009292e+17,0.058934,0.280948
0.3,-1.007598e-04,0.099178,9.448789e+14,1.009449e+17,0.058361,0.280884
0.3,-9.497895e-05,0.099114,9.598920e+14,1.009599e+17,0.057822,0.280824
0.3,-8.952527e-05,0.099054,9.742750e+14,1.009742e+17,0.057312,0.280768
0.3,-8.438029e-05,0.098996,9.880424e+14,1.009880e+17,0.056832,0.280715
0.3,-7.952654e-05,0.098943,1.001210e+15,1.010012e+17,0.056379,0.280665
0.3,-7.494752e-05,0.098892,1.013794e+15,1.010138e+17,0.055952,0.280618
0.3,-7.062770e-05,0.098844,1.025811e+15,1.010258e+17,0.055548,0.280574
0.3,-6.655240e-05,0.098799,1.037279e+15,1.010372e+17,0.055168,0.280533
0.3,-6.270777e-05,0.098757,1.048217e+15,1.010482e+17,0.054809,0.280494
0.3,-5.908076e-05,0.098717,1.058641e+15,1.010586e+17,0.054471,0.280457
0.3,-5.565906e-05,0.098679,1.068571e+15,1.010685e+17,0.054152,0.280422
0.3,-5.243103e-05,0.098644,1.078025e+15,1.010780e+17,0.053851,0.280389
0.3,-4.938573e-05,0.098610,1.087021e+15,1.010870e+17,0.053566,0.280359
0.3,-4.651280e-05,0.098579,1.095577e+15,1.010955e+17,0.053298,0.280330
0.3,-4.380249e-05,0.098549,1.103711e+15,1.011037e+17,0.053046,0.280302
0.3,-4.124559e-05,0.098521,1.111440e+15,1.011114e+17,0.052807,0.280277
0.3,-3.883343e-05,0.098495,1.118781e+15,1.011187e+17,0.052582,0.280252
0.3,-3.655780e-05,0.098470,1.125751e+15,1.011257e+17,0.052370,0.280230
0.3,-3.441098e-05,0.098446,1.132367e+15,1.011323e+17,0.052170,0.280208
0.3,-3.238567e-05,0.098424,1.138645e+15,1.011386e+17,0.051981,0.280188
0.3,-3.047501e-05,0.098403,1.144599e+15,1.011446e+17,0.051803,0.280169
0.3,-2.867250e-05,0.098384,1.150245e+15,1.011502e+17,0.051635,0.280151
0.3,-2.697202e-05,0.098365,1.155597e+15,1.011556e+17,0.051476,0.280134
0.3,-2.536779e-05,0.098348,1.160669e+15,1.011606e+17,0.051327,0.280118
0.3,-2.385437e-05,0.098331,1.165475e+15,1.011654e+17,0.051186,0.280103
0.3,-2.242661e-05,0.098316,1.170027e+15,1.011699e+17,0.051053,0.280089
0.3,-2.107967e-05,0.098301,1.174340e+15,1.011740e+17,0.050927,0.280075
0.3,-1.980897e-05,0.098287,1.178424e+15,1.011778e+17,0.050809,0.280063
0.3,-1.861020e-05,0.098275,1.182295e+15,1.011810e+17,0.050697,0.280051
0.3,-1.747928e-05,0.098263,1.185966e+15,1.011834e+17,0.050591,0.280040
0.3,-1.641237e-05,0.098252,1.189453e+15,1.011846e+17,0.050492,0.280029
0.3,-1.540586e-05,0.098242,1.192774e+15,1.011838e+17,0.050398,0.280019
0.3,-1.445632e-05,0.098234,1.195952e+15,1.011799e+17,0.050310,0.280010
0.3,-1.356053e-05,0.098228,1.199017e+15,1.011713e+17,0.050226,0.280001
0.3,-1.271544e-05,0.098224,1.202006e+15,1.011555e+17,0.050147,0.279993
0.3,-1.191819e-05,0.098224,1.204968e+15,1.011292e+17,0.050073,0.279985
0.3,-1.116606e-05,0.098229,1.207965e+15,1.010879e+17,0.050003,0.279977
0.3,-1.045651e-05,0.098240,1.211077e+15,1.010257e+17,0.049937,0.279970
0.3,-9.787122e-06,0.098261,1.214402e+15,1.009351e+17,0.049875,0.279964
0.3,-9.155623e-06,0.098293,1.218063e+15,1.008067e+17,0.049816,0.279958
0.3,-8.559870e-06,0.098340,1.222204e+15,1.006298e+17,0.049761,0.279952
0.3,-7.997838e-06,0.098406,1.226994e+15,1.003914e+17,0.049709,0.279946
0.3,-7.467620e-06,0.098495,1.232629e+15,1.000772e+17,0.049660,0.279941
0.3,-6.967414e-06,0.098613,1.239328e+15,9.967170e+16,0.049614,0.279936
0.3,-6.495521e-06,0.098764,1.247333e+15,9.915847e+16,0.049571,0.279931
0.3,-6.050339e-06,0.098954,1.256906e+15,9.852093e+16,0.049530,0.279927
0.3,-5.630357e-06,0.099189,1.268325e+15,9.774304e+16,0.049492,0.279922
0.3,-5.234147e-06,0.099474,1.281883e+15,9.681012e+16,0.049457,0.279918
0.3,-4.860364e-06,0.099815,1.297881e+15,9.570968e+16,0.049424,0.279915
0.3,-4.507738e-06,0.100216,1.316625e+15,9.443223e+16,0.049393,0.279911
0.3,-4.175072e-06,0.100683,1.338422e+15,9.297197e+16,0.049364,0.279907
0.3,-3.861237e-06,0.101218,1.363575e+15,9.132739e+16,0.049338,0.279904
0.3,-3.565166e-06,0.101824,1.392380e+15,8.950153e+16,0.049313,0.279901
0.3,-3.285853e-06,0.102502,1.425124e+15,8.750212e+16,0.049290,0.279898
0.3,-3.022351e-06,0.103253,1.462077e+15,8.534136e+16,0.049269,0.279895
0.3,-2.773764e-06,0.104076,1.503494e+15,8.303550e+16,0.049250,0.279892
0.3,-2.539248e-06,0.104970,1.549608e+15,8.060419e+16,0.049232,0.279889
0.3,-2.318006e-06,0.105931,1.600628e+15,7.806967e+16,0.049216,0.279886
0.3,-2.109288e-06,0.106955,1.656738e+15,7.545586e+16,0.049201,0.279883
0.3,-1.912383e-06,0.108038,1.718091e+15,7.278746e+16,0.049188,0.279881
0.3,-1.726625e-06,0.109175,1.784810e+15,7.008904e+16,0.049175,0.279878
0.3,-1.551380e-06,0.110360,1.856981e+15,6.738425e+16,0.049164,0.279876
0.3,-1.386056e-06,0.111585,1.934655e+15,6.469516e+16,0.049154,0.279873
0.3,-1.230089e-06,0.112846,2.017844e+15,6.204178e+16,0.049145,0.279871
0.3,-1.082951e-06,0.114135,2.106519e+15,5.944166e+16,0.049137,0.279868
0.3,-9.441411e-07,0.115445,2.200609e+15,5.690977e+16,0.049129,0.279866
0.3,-8.131885e-07,0.116771,2.300005e+15,5.445837e+16,0.049123,0.279864
0.3,-6.896484e-07,0.118106,2.404553e+15,5.209713e+16,0.049117,0.279861
0.3,-5.731010e-07,0.119443,2.514060e+15,4.983325e+16,0.049111,0.279859
0.3,-4.631507e-07,0.120779,2.628294e+15,4.767166e+16,0.049106,0.279857
0.3,-3.594240e-07,0.122106,2.746987e+15,4.561530e+16,0.049102,0.279855
0.3,-2.615686e-07,0.123422,2.869836e+15,4.366537e+16,0.049098,0.279852
0.3,-1.692522e-07,0.124721,2.996510e+15,4.182159e+16,0.049094,0.279850
0.3,-8.216127e-08,0.126000,3.126649e+15,4.008248e+16,0.049091,0.279848
0.3,0.000000e+00,0.127255,3.259872e+15,3.844558e+16,0.049088,0.279846
0.3,8.216127e-08,0.128477,3.394922e+15,3.691710e+16,0.049085,0.279844
0.3,1.692522e-07,0.129736,3.539966e+15,3.540513e+16,0.049082,0.279842
0.3,2.615686e-07,0.131031,3.695720e+15,3.391339e+16,0.049079,0.279839
0.3,3.594240e-07,0.132363,3.862934e+15,3.244551e+16,0.049076,0.279836
0.3,4.631507e-07,0.133729,4.042386e+15,3.100500e+16,0.049073,0.279833
0.3,5.731010e-07,0.135129,4.234880e+15,2.959522e+16,0.049070,0.279829
0.3,6.896484e-07,0.136561,4.441236e+15,2.821933e+16,0.049066,0.279825
0.3,8.131885e-07,0.138023,4.662281e+15,2.688030e+16,0.049063,0.279821
0.3,9.441411e-07,0.139512,4.898837e+15,2.558085e+16,0.049060,0.279816
0.3,1.082951e-06,0.141027,5.151704e+15,2.432342e+16,0.049057,0.279810
0.3,1.230089e-06,0.142564,5.421642e+15,2.311020e+16,0.049054,0.279804
0.3,1.386056e-06,0.144120,5.709348e+15,2.194306e+16,0.049050,0.279797
0.3,1.551380e-06,0.145692,6.015427e+15,2.082358e+16,0.049047,0.279790
0.3,1.726625e-06,0.147276,6.340361e+15,1.975303e+16,0.049044,0.279781
0.3,1.912383e-06,0.148866,6.684473e+15,1.873235e+16,0.049040,0.279772
0.3,2.109288e-06,0.150460,7.047889e+15,1.776218e+16,0.049037,0.279761
0.3,2.318006e-06,0.152051,7.430491e+15,1.684288e+16,0.049033,0.279749
0.3,2.539248e-06,0.153634,7.831878e+15,1.597448e+16,0.049030,0.279736
0.3,2.773764e-06,0.155204,8.251317e+15,1.515676e+16,0.049026,0.279721
0.3,3.022351e-06,0.156755,8.687699e+15,1.438923e+16,0.049023,0.279705
0.3,3.285853e-06,0.158280,9.139508e+15,1.367115e+16,0.049019,0.279686
0.3,3.565166e-06,0.159774,9.604784e+15,1.300158e+16,0.049016,0.279666
0.3,3.861237e-06,0.161230,1.008111e+16,1.237937e+16,0.049012,0.279643
0.3,4.175072e-06,0.162643,1.056563e+16,1.180318e+16,0.049008,0.279617
0.3,4.507738e-06,0.164004,1.105501e+16,1.127153e+16,0.049005,0.279589
0.3,4.860364e-06,0.165310,1.154557e+16,1.078281e+16,0.049001,0.279558
0.3,5.234147e-06,0.166554,1.203327e+16,1.033528e+16,0.048997,0.279523
0.3,5.630357e-06,0.167731,1.251385e+16,9.927114e+15,0.048993,0.279485
0.3,6.050339e-06,0.168837,1.298295e+16,9.556414e+15,0.048989,0.279443
0.3,6.495521e-06,0.169868,1.343621e+16,9.221213e+15,0.048985,0.279397
0.3,6.967414e-06,0.170821,1.386945e+16,8.919495e+15,0.048980,0.279347
0.3,7.467620e-06,0.171694,1.427882e+16,8.649208e+15,0.048976,0.279291
0.3,7.997838e-06,0.172485,1.466093e+16,8.408274e+15,0.048971,0.279231
0.3,8.559870e-06,0.173196,1.501300e+16,8.194595e+15,0.048966,0.279166
0.3,9.155623e-06,0.173827,1.533296e+16,8.006064e+15,0.048961,0.279095
0.3,9.787122e-06,0.174381,1.561949e+16,7.840573e+15,0.048956,0.279018
0.3,1.045651e-05,0.174859,1.587209e+16,7.696026e+15,0.048951,0.278935
0.3,1.116606e-05,0.175266,1.609101e+16,7.570342e+15,0.048945,0.278846
0.3,1.191819e-05,0.175607,1.627726e+16,7.461479e+15,0.048939,0.278750
0.3,1.271544e-05,0.175887,1.643245e+16,7.367436e+15,0.048932,0.278647
0.3,1.356053e-05,0.176111,1.655874e+16,7.286277e+15,0.048925,0.278537
0.3,1.445632e-05,0.176285,1.665863e+16,7.216146e+15,0.048918,0.278420
0.3,1.540586e-05,0.176415,1.673488e+16,7.155282e+15,0.048910,0.278294
0.3,1.641237e-05,0.176507,1.679036e+16,7.102036e+15,0.048902,0.278160
0.3,1.747928e-05,0.176565,1.682791e+16,7.054889e+15,0.048893,0.278018
0.3,1.861020e-05,0.176596,1.685023e+16,7.012458e+15,0.048884,0.277867
0.3,1.980897e-05,0.176603,1.685983e+16,6.973510e+15,0.048874,0.277706
0.3,2.107967e-05,0.176591,1.685892e+16,6.936962e+15,0.048863,0.277535
0.3,2.242661e-05,0.176562,1.684946e+16,6.901878e+15,0.048852,0.277354
0.3,2.385437e-05,0.176521,1.683304e+16,6.867469e+15,0.048839,0.277161
0.3,2.536779e-05,0.176468,1.681098e+16,6.833073e+15,0.048826,0.276957
0.3,2.697202e-05,0.176405,1.678430e+16,6.798152e+15,0.048812,0.276740
0.3,2.867250e-05,0.176335,1.675379e+16,6.762268e+15,0.048796,0.276510
0.3,3.047501e-05,0.176258,1.671998e+16,6.725070e+15,0.048780,0.276266
0.3,3.238567e-05,0.176174,1.668328e+16,6.686274e+15,0.048762,0.276008
0.3,3.441098e-05,0.176083,1.664390e+16,6.645654e+15,0.048743,0.275733
0.3,3.655780e-05,0.175986,1.660198e+16,6.603020e+15,0.048722,0.275443
0.3,3.883343e-05,0.175883,1.655757e+16,6.558213e+15,0.048700,0.275134
0.3,4.124559e-05,0.175773,1.651067e+16,6.511091e+15,0.048675,0.274807
0.3,4.380249e-05,0.175656,1.646121e+16,6.461527e+15,0.048649,0.274459
0.3,4.651280e-05,0.175533,1.640914e+16,6.409400e+15,0.048621,0.274091
0.3,4.938573e-05,0.175401,1.635436e+16,6.354592e+15,0.048590,0.273701
0.3,5.243103e-05,0.175261,1.629677e+16,6.296988e+15,0.048556,0.273286
0.3,5.565906e-05,0.175113,1.623626e+16,6.236474e+15,0.048520,0.272846
0.3,5.908076e-05,0.174955,1.617273e+16,6.172938e+15,0.048481,0.272380
0.3,6.270777e-05,0.174788,1.610605e+16,6.106264e+15,0.048438,0.271885
0.3,6.655240e-05,0.174610,1.603613e+16,6.036341e+15,0.048392,0.271360
0.3,7.062770e-05,0.174421,1.596285e+16,5.963059e+15,0.048341,0.270803
0.3,7.494752e-05,0.174221,1.588610e+16,5.886308e+15,0.048286,0.270212
0.3,7.952654e-05,0.174008,1.580578e+16,5.805984e+15,0.048226,0.269584
0.3,8.438029e-05,0.173782,1.572178e+16,5.721984e+15,0.048160,0.268919
0.3,8.952527e-05,0.173541,1.563401e+16,5.634214e+15,0.048089,0.268212
0.3,9.497895e-05,0.173286,1.554238e+16,5.542584e+15,0.048010,0.267462
0.3,1.007598e-04,0.173014,1.544681e+16,5.447014e+15,0.047925,0.266665
0.3,1.068876e-04,0.172725,1.534723e+16,5.347432e+15,0.047831,0.265820
0.3,1.133830e-04,0.172418,1.524357e+16,5.243778e+15,0.047728,0.264923
0.3,1.202682e-04,0.172091,1.513580e+16,5.136008e+15,0.047616,0.263970
0.3,1.275664e-04,0.171744,1.502389e+16,5.024088e+15,0.047492,0.262958
0.3,1.353026e-04,0.171375,1.490780e+16,4.908007e+15,0.047357,0.261883
0.3,1.435029e-04,0.170981,1.478757e+16,4.787769e+15,0.047208,0.260742
0.3,1.521952e-04,0.170563,1.466320e+16,4.663403e+15,0.047044,0.259530
0.3,1.614091e-04,0.170118,1.453476e+16,4.534962e+15,0.046864,0.258242
0.3,1.711758e-04,0.169644,1.440233e+16,4.402524e+15,0.046666,0.256874
0.3,1.815285e-04,0.169139,1.426600e+16,4.266197e+15,0.046448,0.255421
0.3,1.925024e-04,0.168601,1.412593e+16,4.126123e+15,0.046208,0.253876
0.3,2.041347e-04,0.168029,1.398228e+16,3.982475e+15,0.045944,0.252235
0.3,2.164649e-04,0.167418,1.383528e+16,3.835464e+15,0.045652,0.250490
0.3,2.295350e-04,0.166768,1.368515e+16,3.685340e+15,0.045331,0.248636
0.3,2.433892e-04,0.166075,1.353221e+16,3.532391e+15,0.044977,0.246664
0.3,2.580747e-04,0.165335,1.337677e+16,3.376949e+15,0.044586,0.244567
0.3,2.736414e-04,0.164547,1.321921e+16,3.219388e+15,0.044155,0.242338
0.3,2.901420e-04,0.163706,1.305995e+16,3.060125e+15,0.043680,0.239967
0.3,3.076327e-04,0.162809,1.289945e+16,2.899617e+15,0.043156,0.237445
0.3,3.261728e-04,0.161852,1.273820e+16,2.738367e+15,0.042578,0.234762
0.3,3.458254e-04,0.160830,1.257675e+16,2.576912e+15,0.041941,0.231907
0.3,3.666570e-04,0.159740,1.241567e+16,2.415831e+15,0.041239,0.228870
0.3,3.887386e-04,0.158576,1.225558e+16,2.255728e+15,0.040466,0.225638
0.3,4.121451e-04,0.157333,1.209709e+16,2.097237e+15,0.039616,0.222198
0.3,4.369560e-04,0.156005,1.194087e+16,1.941011e+15,0.038681,0.218535
0.3,4.629376e-04,0.154605,1.178935e+16,1.789482e+15,0.037666,0.214684
0.3,4.889193e-04,0.153195,1.164924e+16,1.649371e+15,0.036616,0.210814
0.3,5.149010e-04,0.151775,1.151970e+16,1.519824e+15,0.035533,0.206927
0.3,5.408827e-04,0.150346,1.139993e+16,1.400042e+15,0.034419,0.203022
0.3,5.668643e-04,0.148908,1.128917e+16,1.289282e+15,0.033276,0.199098
0.3,5.928460e-04,0.147461,1.118674e+16,1.186847e+15,0.032104,0.195155
0.3,6.188277e-04,0.146007,1.109199e+16,1.092088e+15,0.030906,0.191191
0.3,6.448094e-04,0.144545,1.100430e+16,1.004395e+15,0.029684,0.187204
0.3,6.707910e-04,0.143076,1.092311e+16,9.232005e+14,0.028438,0.183193
0.3,6.967727e-04,0.141599,1.084788e+16,8.479711e+14,0.027170,0.179153
0.3,7.227544e-04,0.140116,1.077812e+16,7.782062e+14,0.025882,0.175080
0.3,7.487361e-04,0.138627,1.071335e+16,7.134352e+14,0.024574,0.170970
0.3,7.747177e-04,0.137132,1.065313e+16,6.532141e+14,0.023249,0.166815
0.3,8.006994e-04,0.135630,1.059705e+16,5.971228e+14,0.021906,0.162606
0.3,8.266811e-04,0.134123,1.054469e+16,5.447621e+14,0.020549,0.158330
0.3,8.526628e-04,0.132610,1.049568e+16,4.957508e+14,0.019176,0.153974
0.3,8.786444e-04,0.131091,1.044965e+16,4.497229e+14,0.017790,0.149516
0.3,9.046261e-04,0.129567,1.040625e+16,4.063245e+14,0.016391,0.144931
0.3,9.306078e-04,0.128036,1.036513e+16,3.652106e+14,0.014980,0.140183
0.3,9.565895e-04,0.126501,1.032596e+16,3.260422e+14,0.013558,0.135226
0.3,9.825711e-04,0.124959,1.028840e+16,2.884830e+14,0.012126,0.129993
0.3,1.008553e-03,0.123410,1.025211e+16,2.521962e+14,0.010685,0.124390
0.3,1.034534e-03,0.121856,1.021675e+16,2.168410e+14,0.009234,0.118280
0.3,1.060516e-03,0.120294,1.018197e+16,1.820709e+14,0.007775,0.111447
0.3,1.086498e-03,0.118725,1.014743e+16,1.475335e+14,0.006309,0.103533
0.3,1.112480e-03,0.117148,1.011277e+16,1.128804e+14,0.004835,0.093882
0.3,1.138461e-03,0.115562,1.007772e+16,7.781715e+13,0.003354,0.081077
0.3,1.164443e-03,0.113969,1.004253e+16,4.239612e+13,0.001867,0.061168
0.3,1.196926e-03,0.111993,1.000596e+16,5.956780e+12,0.000000,0.000000
